filename,width,height,class,xmin,ymin,xmax,ymax
000001_023_01_CGLOBAL_19841113_CGL002692_03302.pdf_12.jpg,500,652,firme,177,150,340,223
000001_023_01_CGLOBAL_19841113_CGL002692_03302.pdf_12.jpg,500,652,firme,186,299,351,375
000001_023_01_CGLOBAL_19841113_CGL002692_03302.pdf_12.jpg,500,652,firme,181,374,353,444
000001_023_01_CGLOBAL_19841113_CGL002692_03302.pdf_13.jpg,500,678,firme,88,13,246,75
000001_023_01_CGLOBAL_19841113_CGL002692_03302.pdf_13.jpg,500,678,firme,162,68,334,109
000001_023_01_CGLOBAL_19841113_CGL002692_03302.pdf_13.jpg,500,678,firme,264,118,323,224
000001_023_01_CGLOBAL_20140625_CGL002677_01158.pdf_12.jpg,500,672,firme,210,164,350,241
000001_023_01_CGLOBAL_20140625_CGL002677_01158.pdf_12.jpg,500,672,firme,211,294,331,376
000001_023_01_CGLOBAL_20140625_CGL002677_01158.pdf_12.jpg,500,672,firme,196,377,327,457
000001_023_01_CGLOBAL_20140625_CGL002677_01158.pdf_12.jpg,500,672,firme,197,535,307,638
000001_023_01_CGLOBAL_20140625_CGL002677_01158.pdf_13.jpg,500,673,firme,171,35,321,76
000001_023_01_CGLOBAL_20170413_CGL002677_01774.pdf_14.jpg,500,671,firme,326,357,452,386
000001_023_01_CGLOBAL_20170413_CGL002677_01774.pdf_14.jpg,500,671,firme,317,379,446,402
000001_023_01_CGLOBAL_20170413_CGL002677_01774.pdf_14.jpg,500,671,firme,320,496,461,525
000001_023_01_CGLOBAL_20170413_CGL002677_01774.pdf_14.jpg,500,671,firme,307,515,462,547
000001_023_01_CGLOBAL_20170413_CGL002677_01774.pdf_14.jpg,500,671,firme,324,548,465,571
000001_023_01_CGLOBAL_20170413_CGL002677_01774.pdf_14.jpg,500,671,firme,306,560,460,591
000001_023_01_CGLOBAL_20170413_CGL002677_01774.pdf_15.jpg,500,675,firme,319,103,440,136
000001_023_01_CGLOBAL_20170413_CGL002677_01774.pdf_15.jpg,500,675,firme,314,129,446,161
000001_023_01_CGLOBAL_20170413_CGL002677_01774.pdf_15.jpg,500,675,firme,171,161,309,225
000001_023_01_CGLOBAL_20180604_CGL002677_01903.pdf_7.jpg,500,675,firme,299,2,398,87
000001_023_01_CGLOBAL_20190604_CGL002682_01024.pdf_12.jpg,500,672,firme,196,160,324,221
000001_023_01_CGLOBAL_20190604_CGL002682_01024.pdf_12.jpg,500,672,firme,188,286,334,357
000001_023_01_CGLOBAL_20190604_CGL002682_01024.pdf_12.jpg,500,672,firme,197,374,380,439
000001_023_01_CGLOBAL_20190604_CGL002682_01024.pdf_12.jpg,500,672,firme,187,542,367,609
000001_023_01_CGLOBAL_20190604_CGL002682_01024.pdf_13.jpg,500,681,firme,179,18,320,89
000001_023_01_CGLOBAL_20190604_CGL002682_01024.pdf_13.jpg,500,681,firme,343,67,427,171
000001_023_01_CGLOBAL_20191004_CGL002677_01248.pdf_11.jpg,500,679,firme,319,193,473,269
000001_023_01_CGLOBAL_20191004_CGL002677_01248.pdf_11.jpg,500,679,firme,322,310,485,380
000001_023_01_CGLOBAL_20191004_CGL002677_01248.pdf_11.jpg,500,679,firme,308,377,469,443
000001_023_01_CGLOBAL_20191004_CGL002677_01248.pdf_11.jpg,500,679,firme,315,489,485,548
000001_023_01_CGLOBAL_20191004_CGL002677_01248.pdf_11.jpg,500,679,firme,170,548,317,630
000001_023_01_CGLOBAL_20191031_CGL002677_01271.pdf_11.jpg,500,675,firme,341,204,464,265
000001_023_01_CGLOBAL_20191031_CGL002677_01271.pdf_11.jpg,500,675,firme,324,336,471,381
000001_023_01_CGLOBAL_20191031_CGL002677_01271.pdf_11.jpg,500,675,firme,337,388,484,440
000001_023_01_CGLOBAL_20191031_CGL002677_01271.pdf_11.jpg,500,675,firme,321,497,472,561
000001_023_01_CGLOBAL_20191031_CGL002677_01271.pdf_11.jpg,500,675,firme,187,488,282,629
000001_023_01_CGLOBAL_20191031_CGL002677_01271.pdf_11.jpg,500,675,firme,339,551,385,660
000001_023_01_CGLOBAL_20200221_CGL002682_00905.pdf_12.jpg,500,670,firme,322,191,425,224
000001_023_01_CGLOBAL_20200221_CGL002682_00905.pdf_12.jpg,500,670,firme,294,217,438,252
000001_023_01_CGLOBAL_20200221_CGL002682_00905.pdf_12.jpg,500,670,firme,321,329,453,368
000001_023_01_CGLOBAL_20200221_CGL002682_00905.pdf_12.jpg,500,670,firme,280,353,437,388
000001_023_01_CGLOBAL_20200221_CGL002682_00905.pdf_12.jpg,500,670,firme,278,396,436,436
000001_023_01_CGLOBAL_20200221_CGL002682_00905.pdf_12.jpg,500,670,firme,56,551,134,667
000001_023_01_CGLOBAL_20200221_CGL002682_00905.pdf_12.jpg,500,670,firme,170,539,303,616
000001_023_01_CGLOBAL_20200221_CGL002682_00905.pdf_12.jpg,500,670,firme,332,510,483,553
000001_023_01_CGLOBAL_20200221_CGL002682_00905.pdf_12.jpg,500,670,firme,298,532,459,567
000001_023_01_CGLOBAL_20200302_CGL002674_01766.pdf_12.jpg,500,664,firme,299,209,484,257
000001_023_01_CGLOBAL_20200302_CGL002674_01766.pdf_12.jpg,500,664,firme,312,310,494,363
000001_023_01_CGLOBAL_20200302_CGL002674_01766.pdf_12.jpg,500,664,firme,302,380,481,423
000001_023_01_CGLOBAL_20200302_CGL002674_01766.pdf_12.jpg,500,664,firme,309,481,494,530
000001_023_01_CGLOBAL_20200302_CGL002674_01766.pdf_12.jpg,500,664,firme,202,530,310,581
000001_023_01_CGLOBAL_20200313_CGL002677_01168.pdf_11.jpg,500,675,firme,313,189,457,253
000001_023_01_CGLOBAL_20200313_CGL002677_01168.pdf_11.jpg,500,675,firme,314,316,469,381
000001_023_01_CGLOBAL_20200313_CGL002677_01168.pdf_11.jpg,500,675,firme,323,374,480,431
000001_023_01_CGLOBAL_20200313_CGL002677_01168.pdf_11.jpg,500,675,firme,166,552,256,611
000001_023_01_CGLOBAL_20200313_CGL002677_01168.pdf_11.jpg,500,675,firme,311,490,478,554
000001_023_01_CGLOBAL_20200313_CGL002677_01168.pdf_11.jpg,500,675,firme,312,559,396,618
000001_023_01_CGLOBAL_20200427_CGL002674_00861.pdf_12.jpg,500,671,firme,315,168,421,228
000001_023_01_CGLOBAL_20200427_CGL002674_00861.pdf_12.jpg,500,671,firme,301,221,436,248
000001_023_01_CGLOBAL_20200427_CGL002674_00861.pdf_12.jpg,500,671,firme,326,308,416,365
000001_023_01_CGLOBAL_20200427_CGL002674_00861.pdf_12.jpg,500,671,firme,315,355,430,393
000001_023_01_CGLOBAL_20200427_CGL002674_00861.pdf_12.jpg,500,671,firme,313,385,425,436
000001_023_01_CGLOBAL_20200427_CGL002674_00861.pdf_12.jpg,500,671,firme,162,517,256,623
000001_023_01_CGLOBAL_20200427_CGL002674_00861.pdf_12.jpg,500,671,firme,324,473,412,537
000001_023_01_CGLOBAL_20200427_CGL002674_00861.pdf_12.jpg,500,671,firme,313,528,436,568
000001_023_01_CGLOBAL_20200427_CGL002674_00861.pdf_12.jpg,500,671,firme,285,591,387,665
000001_023_01_CGLOBAL_20200506_CGL002677_01154.pdf_12.jpg,500,672,firme,330,315,473,356
000001_023_01_CGLOBAL_20200506_CGL002677_01154.pdf_12.jpg,500,672,firme,279,338,392,374
000001_023_01_CGLOBAL_20200506_CGL002677_01154.pdf_12.jpg,500,672,firme,336,448,489,491
000001_023_01_CGLOBAL_20200506_CGL002677_01154.pdf_12.jpg,500,672,firme,290,481,386,517
000001_023_01_CGLOBAL_20200506_CGL002677_01154.pdf_12.jpg,500,672,firme,330,505,422,537
000001_023_01_CGLOBAL_20200506_CGL002677_01154.pdf_12.jpg,500,672,firme,308,525,466,562
000001_023_01_CGLOBAL_20200506_CGL002677_01154.pdf_13.jpg,500,674,firme,189,160,277,215
000001_023_01_CGLOBAL_20200506_CGL002677_01154.pdf_13.jpg,500,674,firme,288,151,388,191
000001_023_01_CGLOBAL_20200506_CGL002677_01154.pdf_13.jpg,500,674,firme,325,136,484,165
000001_023_01_CGLOBAL_20200506_CGL002677_01682.pdf_12.jpg,500,672,firme,318,191,457,234
000001_023_01_CGLOBAL_20200506_CGL002677_01682.pdf_12.jpg,500,672,firme,311,221,469,259
000001_023_01_CGLOBAL_20200506_CGL002677_01682.pdf_12.jpg,500,672,firme,319,334,461,369
000001_023_01_CGLOBAL_20200506_CGL002677_01682.pdf_12.jpg,500,672,firme,308,359,473,398
000001_023_01_CGLOBAL_20200506_CGL002677_01682.pdf_12.jpg,500,672,firme,308,396,439,421
000001_023_01_CGLOBAL_20200506_CGL002677_01682.pdf_12.jpg,500,672,firme,361,419,496,450
000001_023_01_CGLOBAL_20200506_CGL002677_01682.pdf_12.jpg,500,672,firme,312,508,463,544
000001_023_01_CGLOBAL_20200506_CGL002677_01682.pdf_12.jpg,500,672,firme,313,538,472,572
000001_023_01_CGLOBAL_20200506_CGL002677_01682.pdf_12.jpg,500,672,firme,176,557,282,611
000001_023_01_CGLOBAL_20200522_CGL002682_01291.pdf_13.jpg,500,676,firme,325,186,442,219
000001_023_01_CGLOBAL_20200522_CGL002682_01291.pdf_13.jpg,500,676,firme,282,207,394,244
000001_023_01_CGLOBAL_20200522_CGL002682_01291.pdf_13.jpg,500,676,firme,325,325,455,361
000001_023_01_CGLOBAL_20200522_CGL002682_01291.pdf_13.jpg,500,676,firme,288,352,417,382
000001_023_01_CGLOBAL_20200522_CGL002682_01291.pdf_13.jpg,500,676,firme,289,391,437,435
000001_023_01_CGLOBAL_20200522_CGL002682_01291.pdf_13.jpg,500,676,firme,323,498,443,535
000001_023_01_CGLOBAL_20200522_CGL002682_01291.pdf_13.jpg,500,676,firme,293,525,439,560
000001_023_01_CGLOBAL_20200522_CGL002682_01291.pdf_13.jpg,500,676,firme,188,518,312,594
000001_023_01_CGLOBAL_20200604_CGL002695_01190.pdf_11.jpg,500,678,firme,324,207,446,255
000001_023_01_CGLOBAL_20200604_CGL002695_01190.pdf_11.jpg,500,678,firme,313,242,466,278
000001_023_01_CGLOBAL_20200604_CGL002695_01190.pdf_11.jpg,500,678,firme,331,339,452,380
000001_023_01_CGLOBAL_20200604_CGL002695_01190.pdf_11.jpg,500,678,firme,331,372,482,398
000001_023_01_CGLOBAL_20200604_CGL002695_01190.pdf_11.jpg,500,678,firme,346,393,463,430
000001_023_01_CGLOBAL_20200604_CGL002695_01190.pdf_11.jpg,500,678,firme,168,572,308,621
000001_023_01_CGLOBAL_20200604_CGL002695_01190.pdf_11.jpg,500,678,firme,302,550,452,583
000001_023_01_CGLOBAL_20200604_CGL002695_01190.pdf_11.jpg,500,678,firme,329,518,458,561
000001_023_01_CGLOBAL_20200626_CGL002677_01750.pdf_12.jpg,500,665,firme,312,171,400,243
000001_023_01_CGLOBAL_20200626_CGL002677_01750.pdf_12.jpg,500,665,firme,327,306,435,368
000001_023_01_CGLOBAL_20200626_CGL002677_01750.pdf_12.jpg,500,665,firme,330,361,429,438
000001_023_01_CGLOBAL_20200626_CGL002677_01750.pdf_12.jpg,500,665,firme,319,476,437,549
000001_023_01_CGLOBAL_20200626_CGL002677_01750.pdf_12.jpg,500,665,firme,189,520,278,595
000001_023_01_CGLOBAL_20200626_CGL002677_01750.pdf_7.jpg,500,669,firme,333,3,424,114
000001_023_01_CGLOBAL_20200701_CGL002677_01155.pdf_11.jpg,500,675,firme,282,187,459,304
000001_023_01_CGLOBAL_20200701_CGL002677_01155.pdf_11.jpg,500,675,firme,300,337,449,410
000001_023_01_CGLOBAL_20200701_CGL002677_01155.pdf_11.jpg,500,675,firme,292,392,470,472
000001_023_01_CGLOBAL_20200701_CGL002677_01155.pdf_11.jpg,500,675,firme,280,500,492,598
000001_023_01_CGLOBAL_20200701_CGL002677_01155.pdf_11.jpg,500,675,firme,169,537,308,617
000001_023_01_CGLOBAL_20200701_CGL002677_01155.pdf_6.jpg,500,662,firme,396,1,449,94
000001_023_01_CGLOBAL_20200702_CGL002674_01683.pdf_1.jpg,500,679,firme,382,1,458,52
000001_023_01_CGLOBAL_20200724_CGL002674_01169.pdf_12.jpg,500,674,firme,330,173,459,242
000001_023_01_CGLOBAL_20200724_CGL002674_01169.pdf_12.jpg,500,674,firme,330,303,456,370
000001_023_01_CGLOBAL_20200724_CGL002674_01169.pdf_12.jpg,500,674,firme,329,360,460,426
000001_023_01_CGLOBAL_20200724_CGL002674_01169.pdf_12.jpg,500,674,firme,322,475,484,551
000001_023_01_CGLOBAL_20200724_CGL002674_01169.pdf_12.jpg,500,674,firme,181,543,292,597
000001_023_01_CGLOBAL_20200729_CGL002682_01352.pdf_11.jpg,500,670,firme,345,210,458,255
000001_023_01_CGLOBAL_20200729_CGL002682_01352.pdf_11.jpg,500,670,firme,342,244,481,284
000001_023_01_CGLOBAL_20200729_CGL002682_01352.pdf_11.jpg,500,670,firme,364,329,471,372
000001_023_01_CGLOBAL_20200729_CGL002682_01352.pdf_11.jpg,500,670,firme,359,364,481,405
000001_023_01_CGLOBAL_20200729_CGL002682_01352.pdf_11.jpg,500,670,firme,360,401,467,443
000001_023_01_CGLOBAL_20200729_CGL002682_01352.pdf_11.jpg,500,670,firme,356,427,479,476
000001_023_01_CGLOBAL_20200729_CGL002682_01352.pdf_11.jpg,500,670,firme,339,504,456,554
000001_023_01_CGLOBAL_20200729_CGL002682_01352.pdf_11.jpg,500,670,firme,344,538,476,585
000001_023_01_CGLOBAL_20200729_CGL002682_01352.pdf_11.jpg,500,670,firme,174,550,317,601
000001_023_01_CGLOBAL_20210416_CGL002677_01407.pdf_14.jpg,501,671,firme,197,25,319,77
000001_023_01_CGLOBAL_20210422_CGL002695_00815.pdf_12.jpg,500,670,firme,187,175,315,217
000001_023_01_CGLOBAL_20210422_CGL002695_00815.pdf_12.jpg,500,670,firme,323,178,469,219
000001_023_01_CGLOBAL_20210422_CGL002695_00815.pdf_12.jpg,500,670,firme,189,319,316,359
000001_023_01_CGLOBAL_20210422_CGL002695_00815.pdf_12.jpg,500,670,firme,326,322,473,358
000001_023_01_CGLOBAL_20210422_CGL002695_00815.pdf_12.jpg,500,670,firme,184,386,334,433
000001_023_01_CGLOBAL_20210422_CGL002695_00815.pdf_12.jpg,500,670,firme,346,401,492,438
000001_023_01_CGLOBAL_20210422_CGL002695_00815.pdf_13.jpg,500,668,firme,103,17,236,52
000001_023_01_CGLOBAL_20210422_CGL002695_00815.pdf_13.jpg,500,668,firme,248,25,396,59
000001_023_01_CGLOBAL_20210422_CGL002695_00815.pdf_13.jpg,500,668,firme,178,59,294,139
CO3756269.pdf_1.jpg,500,690,firme,291,532,378,568
CO3756269.pdf_1.jpg,500,690,firme,363,610,439,644
CO3756269.pdf_1.jpg,500,690,firme,51,577,103,604
CO3756269.pdf_1.jpg,500,690,firme,139,578,189,602
CO3756269.pdf_10.jpg,500,691,firme,348,541,448,579
CO3756269.pdf_10.jpg,500,691,firme,48,559,108,580
CO3756269.pdf_10.jpg,500,691,firme,141,561,190,578
CO3756269.pdf_12.jpg,500,692,firme,264,321,381,357
CO3756269.pdf_12.jpg,500,692,firme,360,606,423,644
CO3756269.pdf_12.jpg,500,692,firme,50,358,106,387
CO3756269.pdf_12.jpg,500,692,firme,140,366,193,388
CO3756269.pdf_13.jpg,500,690,firme,151,581,248,621
CO3756269.pdf_13.jpg,500,690,firme,54,560,111,583
CO3756269.pdf_13.jpg,500,690,firme,144,565,199,578
CO3756269.pdf_14.jpg,500,685,firme,347,581,439,625
CO3756269.pdf_14.jpg,500,685,firme,41,638,121,663
CO3756269.pdf_14.jpg,500,685,firme,134,638,186,666
CO3756269.pdf_15.jpg,500,691,firme,281,611,377,648
CO3756269.pdf_15.jpg,500,691,firme,51,630,92,649
CO3756269.pdf_15.jpg,500,691,firme,151,624,216,651
CO3756269.pdf_18.jpg,500,691,firme,148,557,252,600
CO3756269.pdf_18.jpg,500,691,firme,40,610,157,642
CO3756269.pdf_18.jpg,500,691,firme,220,613,277,636
CO3756269.pdf_18.jpg,500,691,firme,366,607,437,648
CO3756269.pdf_18.jpg,500,691,firme,52,542,110,566
CO3756269.pdf_19.jpg,500,692,firme,297,521,377,557
CO3756269.pdf_2.jpg,500,690,firme,283,359,375,411
CO3756269.pdf_2.jpg,500,690,firme,50,417,107,435
CO3756269.pdf_2.jpg,500,690,firme,139,417,194,440
CO3756269.pdf_20.jpg,500,692,firme,5,149,35,207
CO3756269.pdf_20.jpg,500,692,firme,8,257,44,339
CO3756269.pdf_27.jpg,500,691,firme,72,536,190,571
CO3756269.pdf_27.jpg,500,691,firme,406,546,478,568
CO3756269.pdf_38.jpg,500,692,firme,154,351,326,448
CO3756269.pdf_4.jpg,500,690,firme,2,227,29,290
CO3756269.pdf_4.jpg,500,690,firme,5,346,37,428
CO3756269.pdf_4.jpg,500,690,firme,286,329,384,363
CO3756269.pdf_4.jpg,500,690,firme,288,541,385,579
CO3756269.pdf_4.jpg,500,690,firme,54,374,111,397
CO3756269.pdf_4.jpg,500,690,firme,134,378,184,393
CO3756269.pdf_4.jpg,500,690,firme,51,575,111,604
CO3756269.pdf_4.jpg,500,690,firme,136,579,184,602
CO3756269.pdf_5.jpg,500,687,firme,292,39,392,73
CO3756269.pdf_5.jpg,500,687,firme,442,43,484,73
CO3756269.pdf_5.jpg,500,687,firme,281,171,363,202
CO3756269.pdf_5.jpg,500,687,firme,284,268,353,305
CO3756269.pdf_5.jpg,500,687,firme,51,212,110,234
CO3756269.pdf_5.jpg,500,687,firme,137,216,189,238
CO3756269.pdf_5.jpg,500,687,firme,45,313,106,335
CO3756269.pdf_5.jpg,500,687,firme,142,317,191,337
CO3756269.pdf_5.jpg,500,687,firme,279,579,353,619
CO3756269.pdf_5.jpg,500,687,firme,48,625,101,648
CO3756269.pdf_5.jpg,500,687,firme,136,629,194,646
CO3756269.pdf_6.jpg,500,690,firme,178,271,308,308
CO3756269.pdf_6.jpg,500,690,firme,50,248,112,265
CO3756269.pdf_6.jpg,500,690,firme,153,245,214,262
CO3756269.pdf_7.jpg,500,691,firme,348,602,455,643
CO3756269.pdf_7.jpg,500,691,firme,50,620,111,643
CO3756269.pdf_7.jpg,500,691,firme,148,618,202,641
CO3756269.pdf_9.jpg,500,691,firme,2,182,30,221
CO3756269.pdf_9.jpg,500,691,firme,5,303,48,398
CO3756287.pdf_1.jpg,500,693,firme,324,612,468,667
CO3756287.pdf_1.jpg,500,693,firme,275,546,441,578
CO3756287.pdf_1.jpg,500,693,firme,287,568,458,598
CO3756287.pdf_1.jpg,500,693,firme,332,329,481,360
CO3756287.pdf_1.jpg,500,693,firme,317,285,442,325
CO3756287.pdf_10.jpg,500,693,firme,329,555,496,593
CO3756287.pdf_12.jpg,500,694,firme,333,614,473,671
CO3756287.pdf_12.jpg,500,694,firme,142,579,307,613
CO3756287.pdf_14.jpg,500,692,firme,133,593,294,639
CO3756287.pdf_15.jpg,500,693,firme,263,323,399,367
CO3756287.pdf_15.jpg,500,693,firme,325,616,478,666
CO3756287.pdf_16.jpg,500,694,firme,264,637,411,669
CO3756287.pdf_16.jpg,500,694,firme,336,341,466,374
CO3756287.pdf_18.jpg,500,692,firme,370,454,490,488
CO3756287.pdf_2.jpg,500,694,firme,272,379,441,413
CO3756287.pdf_2.jpg,500,694,firme,282,404,457,441
CO3756287.pdf_25.jpg,500,694,firme,308,44,442,82
CO3756287.pdf_25.jpg,500,694,firme,100,297,261,331
CO3756287.pdf_25.jpg,500,694,firme,146,361,357,410
CO3756287.pdf_26.jpg,500,693,firme,260,519,420,561
CO3756287.pdf_34.jpg,500,693,firme,98,537,256,575
CO3756287.pdf_34.jpg,500,693,firme,152,619,382,670
CO3756287.pdf_38.jpg,500,693,firme,152,476,334,514
CO3756287.pdf_38.jpg,500,693,firme,147,528,332,565
CO3756287.pdf_38.jpg,500,693,firme,335,628,484,679
CO3756287.pdf_4.jpg,500,694,firme,275,333,463,368
CO3756287.pdf_4.jpg,500,694,firme,277,362,466,394
CO3756287.pdf_4.jpg,500,694,firme,275,549,454,581
CO3756287.pdf_4.jpg,500,694,firme,275,577,461,612
CO3756287.pdf_5.jpg,500,695,firme,272,180,465,208
CO3756287.pdf_5.jpg,500,695,firme,284,205,469,233
CO3756287.pdf_5.jpg,500,695,firme,273,279,455,309
CO3756287.pdf_5.jpg,500,695,firme,281,301,458,339
CO3756287.pdf_5.jpg,500,695,firme,301,592,470,623
CO3756287.pdf_5.jpg,500,695,firme,301,620,478,648
CO3756287.pdf_6.jpg,500,695,firme,196,277,384,314
CO3756287.pdf_6.jpg,500,695,firme,195,326,382,361
CO3756287.pdf_67.jpg,500,692,firme,329,314,416,363
CO3756287.pdf_77.jpg,500,692,firme,165,199,314,318
CO3756287.pdf_80.jpg,500,697,firme,22,334,188,385
CO3756287.pdf_80.jpg,500,697,firme,13,412,250,484
CO3756291.pdf_1.jpg,500,691,firme,287,520,412,592
CO3756291.pdf_1.jpg,500,691,firme,349,605,466,654
CO3756291.pdf_10.jpg,500,692,firme,476,49,495,189
CO3756291.pdf_10.jpg,500,692,firme,472,206,496,385
CO3756291.pdf_10.jpg,500,692,firme,343,533,487,594
CO3756291.pdf_10.jpg,500,692,firme,131,551,208,584
CO3756291.pdf_12.jpg,500,692,firme,320,158,410,221
CO3756291.pdf_12.jpg,500,692,firme,210,570,342,623
CO3756291.pdf_12.jpg,500,692,firme,220,612,351,660
CO3756291.pdf_12.jpg,500,692,firme,148,555,226,584
CO3756291.pdf_13.jpg,500,691,firme,320,300,432,359
CO3756291.pdf_13.jpg,500,691,firme,312,353,438,404
CO3756291.pdf_13.jpg,500,691,firme,136,361,207,396
CO3756291.pdf_13.jpg,500,691,firme,354,587,445,643
CO3756291.pdf_14.jpg,501,691,firme,299,603,427,664
CO3756291.pdf_16.jpg,500,691,firme,117,593,261,656
CO3756291.pdf_16.jpg,500,691,firme,310,207,443,273
CO3756291.pdf_17.jpg,500,693,firme,287,514,411,587
CO3756291.pdf_17.jpg,500,693,firme,40,536,114,565
CO3756291.pdf_19.jpg,501,692,firme,338,584,463,660
CO3756291.pdf_19.jpg,501,692,firme,186,549,321,616
CO3756291.pdf_2.jpg,500,691,firme,275,369,457,430
CO3756291.pdf_2.jpg,500,691,firme,134,409,212,436
CO3756291.pdf_28.jpg,500,692,firme,407,480,474,603
CO3756291.pdf_29.jpg,501,692,firme,380,449,462,586
CO3756291.pdf_31.jpg,500,691,firme,382,451,466,643
CO3756291.pdf_32.jpg,501,691,firme,371,460,462,657
CO3756291.pdf_4.jpg,501,691,firme,280,314,396,381
CO3756291.pdf_4.jpg,501,691,firme,278,518,407,600
CO3756291.pdf_4.jpg,501,691,firme,123,364,196,396
CO3756291.pdf_4.jpg,501,691,firme,126,572,208,606
CO3756291.pdf_41.jpg,500,692,firme,262,531,359,641
CO3756291.pdf_41.jpg,500,692,firme,372,429,456,622
CO3756291.pdf_43.jpg,501,691,firme,120,206,216,284
CO3756291.pdf_43.jpg,501,691,firme,264,230,355,307
CO3756291.pdf_43.jpg,501,691,firme,322,447,447,657
CO3756291.pdf_5.jpg,500,691,firme,293,165,425,221
CO3756291.pdf_5.jpg,500,691,firme,282,262,408,329
CO3756291.pdf_5.jpg,500,691,firme,290,563,414,625
CO3756291.pdf_5.jpg,500,691,firme,132,615,198,646
CO3756291.pdf_5.jpg,500,691,firme,126,202,194,238
CO3756291.pdf_5.jpg,500,691,firme,130,306,205,336
CO3756291.pdf_6.jpg,500,691,firme,251,259,382,327
CO3756291.pdf_6.jpg,500,691,firme,157,237,241,270
CO3756291.pdf_6.jpg,500,691,firme,129,504,185,526
CO3756291.pdf_7.jpg,500,691,firme,359,590,474,658
CO3756291.pdf_7.jpg,500,691,firme,134,610,195,645
CO3756291.pdf_7.jpg,500,691,firme,49,614,117,642
CO3756291.pdf_8.jpg,500,691,firme,475,97,496,199
CO3756291.pdf_8.jpg,500,691,firme,468,199,491,363
CO3756291.pdf_9.jpg,500,693,firme,473,98,496,251
CO3756291.pdf_9.jpg,500,693,firme,472,251,496,423
CO3756291.pdf_95.jpg,500,692,firme,310,553,436,615
CO3756291.pdf_96.jpg,500,690,firme,138,541,266,602
CO3756291.pdf_96.jpg,500,690,firme,320,196,440,260
CO3756416.pdf_1.jpg,500,695,firme,277,538,406,575
CO3756416.pdf_1.jpg,500,695,firme,326,612,466,661
CO3756416.pdf_2.jpg,500,692,firme,284,376,434,421
file_6889106.pdf_3.jpg,500,693,firme,349,557,405,649
file_6889106.pdf_3.jpg,500,693,firme,37,590,148,639
file_6889107.pdf_8.jpg,500,696,firme,44,440,138,484
file_6889107.pdf_9.jpg,500,699,firme,49,199,131,242
file_6889107.pdf_9.jpg,500,699,firme,46,294,138,338
file_6889107.pdf_9.jpg,500,699,firme,49,379,133,420
file_6889108.pdf_1.jpg,500,699,firme,262,402,356,486
file_6889108.pdf_1.jpg,500,699,firme,40,332,133,367
file_6889109.pdf_5.jpg,500,698,firme,42,369,136,410
file_6889110.pdf_3.jpg,500,696,firme,44,143,147,190
file_6889111.pdf_3.jpg,500,695,firme,46,393,144,441
file_6889111.pdf_3.jpg,500,695,firme,44,508,144,555
file_6889111.pdf_3.jpg,500,695,firme,336,308,416,402
file_6889112.pdf_4.jpg,500,700,firme,81,98,154,172
file_6889112.pdf_4.jpg,500,700,firme,52,217,142,263
file_6889114.pdf_1.jpg,500,698,firme,269,371,390,484
file_6889114.pdf_1.jpg,500,698,firme,32,308,124,372
file_6889115.pdf_1.jpg,500,700,firme,88,436,246,486
file_6889115.pdf_1.jpg,500,700,firme,276,558,379,627
file_6889116.pdf_8.jpg,500,693,firme,45,439,121,479
file_6889116.pdf_9.jpg,500,699,firme,51,197,124,240
file_6889116.pdf_9.jpg,500,699,firme,51,294,119,334
file_6889116.pdf_9.jpg,500,699,firme,44,382,128,420
file_6889116.pdf_9.jpg,500,699,firme,257,416,362,510
file_6889117.pdf_1.jpg,500,700,firme,63,405,195,496
file_6889118.pdf_10.jpg,500,698,firme,10,270,91,345
file_6889118.pdf_8.jpg,500,699,firme,10,285,86,368
file_6889119.pdf_5.jpg,500,694,firme,299,265,428,310
file_6889119.pdf_5.jpg,500,694,firme,290,364,416,413
file_6889119.pdf_5.jpg,500,694,firme,295,438,357,512
file_6889122.pdf_11.jpg,500,701,firme,397,196,481,337
file_6889122.pdf_11.jpg,500,701,firme,398,399,496,489
file_6889122.pdf_11.jpg,500,701,firme,260,602,375,656
file_6889122.pdf_11.jpg,500,701,firme,163,608,238,656
file_6889122.pdf_11.jpg,500,701,firme,59,608,151,650
file_6889122.pdf_26.jpg,500,696,firme,397,237,486,373
file_6889122.pdf_26.jpg,500,696,firme,438,453,494,552
file_6889122.pdf_33.jpg,500,701,firme,389,250,483,385
file_6889122.pdf_33.jpg,500,701,firme,446,477,492,593
file_6889122.pdf_4.jpg,500,694,firme,336,258,407,364
file_6889122.pdf_4.jpg,500,694,firme,323,528,434,610
file_6889122.pdf_9.jpg,500,701,firme,392,275,483,409
file_6889122.pdf_9.jpg,500,701,firme,407,582,491,672
file_6889122.pdf_9.jpg,500,701,firme,260,596,371,649
file_6889122.pdf_9.jpg,500,701,firme,156,613,234,661
file_6889122.pdf_9.jpg,500,701,firme,52,616,148,645
file_6889123.pdf_4.jpg,500,699,firme,20,185,180,244
file_6889123.pdf_4.jpg,500,699,firme,344,184,417,250
file_6889126.pdf_15.jpg,501,700,firme,317,457,472,482
file_6889126.pdf_15.jpg,501,700,firme,311,476,469,502
file_6889126.pdf_19.jpg,500,699,firme,321,172,451,199
file_6889126.pdf_19.jpg,500,699,firme,312,191,452,216
file_6889126.pdf_19.jpg,500,699,firme,279,352,426,382
file_6889126.pdf_19.jpg,500,699,firme,269,374,420,406
file_6889127.pdf_32.jpg,500,695,firme,396,199,441,269
file_6889127.pdf_32.jpg,500,695,firme,388,386,471,492
file_6889127.pdf_34.jpg,500,696,firme,411,223,465,300
file_6889127.pdf_34.jpg,500,696,firme,410,424,491,543
file_6889127.pdf_4.jpg,500,695,firme,326,281,400,358
file_6889127.pdf_4.jpg,500,695,firme,214,537,336,600
file_6889127.pdf_47.jpg,501,700,firme,404,292,448,444
file_6889127.pdf_47.jpg,501,700,firme,427,498,461,627
file_6889127.pdf_6.jpg,500,695,firme,60,352,179,415
file_6889127.pdf_6.jpg,500,695,firme,383,533,437,630
file_6889127.pdf_8.jpg,500,696,firme,22,335,70,485
file_6889127.pdf_8.jpg,500,696,firme,44,619,182,682
file_6889127.pdf_8.jpg,500,696,firme,292,623,369,669
file_6889127.pdf_8.jpg,500,696,firme,441,476,497,594
file_6889128.pdf_5.jpg,500,700,firme,53,164,176,226
file_6889128.pdf_5.jpg,500,700,firme,56,242,179,313
file_6889128.pdf_5.jpg,500,700,firme,66,356,182,419
file_6889128.pdf_5.jpg,500,700,firme,316,419,410,510
file_6889128.pdf_6.jpg,500,694,firme,75,467,203,524
file_6889128.pdf_6.jpg,500,694,firme,395,607,456,671
file_6889132.pdf_3.jpg,500,694,firme,35,150,117,201
file_6889132.pdf_3.jpg,500,694,firme,337,144,397,198
file_6889139.pdf_3.jpg,500,700,firme,32,557,157,611
file_6889139.pdf_3.jpg,500,700,firme,340,545,430,613
file_6889140.pdf_3.jpg,500,694,firme,20,606,169,660
file_6889140.pdf_3.jpg,500,694,firme,372,594,436,648
file_6889141.pdf_9.jpg,500,701,firme,34,191,162,224
file_6889141.pdf_9.jpg,500,701,firme,31,291,186,328
file_6889141.pdf_9.jpg,500,701,firme,34,385,176,417
file_6889141.pdf_9.jpg,500,701,firme,258,431,325,492
file_6889147.pdf_2.jpg,500,696,firme,325,430,438,468
file_6889147.pdf_2.jpg,500,696,firme,212,490,379,540
file_6889150.pdf_2.jpg,500,696,firme,332,250,454,292
file_6889150.pdf_2.jpg,500,696,firme,216,319,338,376
file_6889163.pdf_2.jpg,500,695,firme,316,440,450,486
file_6889163.pdf_2.jpg,500,695,firme,262,504,323,564
file_6889164.pdf_2.jpg,500,695,firme,282,500,346,569
file_6889164.pdf_2.jpg,500,695,firme,329,438,416,491
file_6889173.pdf_1.jpg,500,698,firme,43,166,173,190
file_6889173.pdf_1.jpg,500,698,firme,266,164,371,192
file_6889173.pdf_1.jpg,500,698,firme,90,419,191,456
file_6889175.pdf_4.jpg,500,699,firme,13,145,152,190
file_6889175.pdf_4.jpg,500,699,firme,345,139,444,183
file_6889178.pdf_9.jpg,500,699,firme,43,189,103,225
file_6889178.pdf_9.jpg,500,699,firme,50,287,108,314
file_6889178.pdf_9.jpg,500,699,firme,63,372,110,400
file_6889178.pdf_9.jpg,500,699,firme,222,441,332,491
file_6889182.pdf_3.jpg,500,698,firme,313,83,442,122
file_6889182.pdf_3.jpg,500,698,firme,269,132,341,207
file_6889185.pdf_9.jpg,500,698,firme,41,201,166,233
file_6889185.pdf_9.jpg,500,698,firme,43,304,169,334
file_6889185.pdf_9.jpg,500,698,firme,45,390,171,417
file_6889185.pdf_9.jpg,500,698,firme,273,413,307,519
file_6889195.pdf_9.jpg,500,698,firme,38,194,172,235
file_6889195.pdf_9.jpg,500,698,firme,40,297,180,335
file_6889195.pdf_9.jpg,500,698,firme,40,382,166,420
file_6889195.pdf_9.jpg,500,698,firme,254,416,285,532
file_6889198.pdf_1.jpg,500,699,firme,55,181,241,215
file_6889198.pdf_1.jpg,500,699,firme,187,541,219,671
file_6889242.pdf_3.jpg,500,694,firme,9,137,127,194
file_6889242.pdf_3.jpg,500,694,firme,345,147,392,207
file_6889243.pdf_4.jpg,500,699,firme,22,272,129,324
file_6889243.pdf_4.jpg,500,699,firme,357,279,392,344
file_6889254.pdf_12.jpg,500,697,firme,334,409,417,453
file_6889254.pdf_21.jpg,500,694,firme,345,388,448,440
file_6889254.pdf_9.jpg,500,694,firme,343,525,448,573
file_6889259.pdf_3.jpg,500,694,firme,67,513,166,572
file_6889259.pdf_3.jpg,500,694,firme,105,575,157,628
file_6889263.pdf_2.jpg,500,695,firme,341,164,460,208
file_6889263.pdf_2.jpg,500,695,firme,394,500,492,549
file_6889279.pdf_1.jpg,500,699,firme,35,491,162,532
file_6889279.pdf_1.jpg,500,699,firme,338,531,406,616
file_6889280.pdf_2.jpg,500,696,firme,314,426,454,468
file_6889280.pdf_2.jpg,500,696,firme,249,488,345,552
file_6889282.pdf_9.jpg,500,699,firme,41,195,176,242
file_6889282.pdf_9.jpg,500,699,firme,48,287,181,344
file_6889282.pdf_9.jpg,500,699,firme,38,378,177,434
file_6889282.pdf_9.jpg,500,699,firme,260,409,360,520
file_6889283.pdf_4.jpg,500,698,firme,30,118,154,163
file_6889283.pdf_4.jpg,500,698,firme,335,93,447,173
file_6889287.pdf_9.jpg,500,700,firme,38,197,170,248
file_6889287.pdf_9.jpg,500,700,firme,35,298,160,348
file_6889287.pdf_9.jpg,500,700,firme,32,383,146,433
file_6889287.pdf_9.jpg,500,700,firme,250,410,360,534
file_6889296.pdf_9.jpg,500,698,firme,71,191,219,253
file_6889296.pdf_9.jpg,500,698,firme,129,288,308,354
file_6889296.pdf_9.jpg,500,698,firme,47,377,195,436
file_6889296.pdf_9.jpg,500,698,firme,298,401,357,506
file_6889305.pdf_4.jpg,500,699,firme,47,117,153,161
file_6889305.pdf_4.jpg,500,699,firme,40,219,147,271
file_6889306.pdf_4.jpg,500,698,firme,22,82,110,145
file_6889333.pdf_6.jpg,500,700,firme,127,115,176,158
file_6889333.pdf_6.jpg,500,700,firme,41,218,176,266
file_6896804.pdf_1.jpg,500,699,firme,88,374,379,433
file_6896807.pdf_3.jpg,500,693,firme,20,558,148,602
file_6896807.pdf_3.jpg,500,693,firme,357,561,404,612
file_6896808.pdf_9.jpg,500,701,firme,3,186,189,248
file_6896808.pdf_9.jpg,500,701,firme,2,273,175,366
file_6896808.pdf_9.jpg,500,701,firme,4,373,191,441
file_6896808.pdf_9.jpg,500,701,firme,251,419,334,512
file_6896821.pdf_2.jpg,500,694,firme,37,255,126,320
file_6896821.pdf_2.jpg,500,694,firme,41,362,169,425
file_6896821.pdf_2.jpg,500,694,firme,42,424,179,489
file_6896832.pdf_2.jpg,500,696,firme,32,270,122,311
file_6896832.pdf_2.jpg,500,696,firme,25,378,146,418
file_6896832.pdf_2.jpg,500,696,firme,32,434,158,471
file_6896838.pdf_3.jpg,500,695,firme,40,147,144,180
file_6896838.pdf_3.jpg,500,695,firme,165,140,271,183
file_6896839.pdf_1.jpg,500,700,firme,36,331,133,361
file_6896839.pdf_1.jpg,500,700,firme,138,331,283,365
file_6896839.pdf_1.jpg,500,700,firme,379,407,410,452
file_6896841.pdf_2.jpg,500,696,firme,43,288,135,334
file_6896841.pdf_2.jpg,500,696,firme,163,287,272,328
file_6896841.pdf_2.jpg,500,696,firme,40,367,138,408
file_6896841.pdf_2.jpg,500,696,firme,158,365,274,403
file_6896841.pdf_2.jpg,500,696,firme,106,437,141,475
file_6896878.pdf_3.jpg,500,701,firme,293,171,432,215
file_6896878.pdf_3.jpg,500,701,firme,250,238,290,293
file_6901842.pdf_4.jpg,500,697,firme,231,139,356,206
file_6901842.pdf_4.jpg,500,697,firme,324,74,410,113
file_6901842.pdf_4.jpg,500,697,firme,338,112,432,142
file_6901843.pdf_1.jpg,500,699,firme,59,179,141,207
file_6901843.pdf_1.jpg,500,699,firme,290,178,376,207
file_6901843.pdf_1.jpg,500,699,firme,101,557,229,653
file_6901844.pdf_2.jpg,500,699,firme,322,513,400,607
file_6901853.pdf_2.jpg,500,701,firme,321,409,444,502
file_6901853.pdf_2.jpg,500,701,firme,326,526,454,623
file_6901853.pdf_2.jpg,500,701,firme,21,519,144,577
file_6901853.pdf_2.jpg,500,701,firme,25,564,152,607
file_6901853.pdf_2.jpg,500,701,firme,22,592,162,634
file_6901855.pdf_3.jpg,500,696,firme,38,390,104,431
file_6901855.pdf_3.jpg,500,696,firme,283,363,454,453
file_6901855.pdf_3.jpg,500,696,firme,354,234,438,322
file_6906881.pdf_1.jpg,500,700,firme,111,498,204,563
file_6906881.pdf_1.jpg,500,700,firme,73,170,147,195
file_6906883.pdf_2.jpg,500,699,firme,39,398,122,435
file_6906883.pdf_2.jpg,500,699,firme,10,438,137,547
file_6906884.pdf_2.jpg,500,700,firme,44,530,160,587
file_6906884.pdf_2.jpg,500,700,firme,209,542,307,592
file_6906924.pdf_2.jpg,500,694,firme,338,471,405,501
file_6906924.pdf_2.jpg,500,694,firme,243,516,301,584
file_6906928.pdf_1.jpg,500,700,firme,300,505,438,597
file_6906928.pdf_1.jpg,500,700,firme,107,524,164,573
file_6906928.pdf_1.jpg,500,700,firme,51,167,124,197
file_6906928.pdf_1.jpg,500,700,firme,57,510,172,535
file_6906929.pdf_18.jpg,500,700,firme,38,291,201,333
file_6906929.pdf_18.jpg,500,700,firme,304,265,413,347
file_6906929.pdf_18.jpg,500,700,firme,266,350,408,436
file_6906929.pdf_5.jpg,500,696,firme,310,268,408,343
file_6906929.pdf_7.jpg,500,695,firme,123,136,203,204
file_6906929.pdf_7.jpg,500,695,firme,131,233,221,305
file_6906929.pdf_7.jpg,500,695,firme,119,348,225,423
file_6906929.pdf_7.jpg,500,695,firme,279,402,391,493
file_6906933.pdf_5.jpg,500,701,firme,47,354,226,410
file_6906935.pdf_1.jpg,500,702,firme,53,168,165,195
file_6906935.pdf_1.jpg,500,702,firme,51,222,98,257
file_6906935.pdf_1.jpg,500,702,firme,109,405,186,447
file_6906937.pdf_5.jpg,500,700,firme,31,132,240,186
file_6906937.pdf_5.jpg,500,700,firme,33,250,185,298
file_6906937.pdf_5.jpg,500,700,firme,278,313,479,374
file_6906937.pdf_6.jpg,500,697,firme,15,370,185,444
file_6906944.pdf_1.jpg,500,699,firme,91,424,213,468
file_6906944.pdf_1.jpg,500,699,firme,53,173,164,196
file_6906944.pdf_1.jpg,500,699,firme,284,172,394,197
file_6906944.pdf_1.jpg,500,699,firme,41,404,182,429
file_6906944.pdf_2.jpg,500,694,firme,20,270,146,304
file_6906944.pdf_2.jpg,500,694,firme,34,382,140,413
file_6906944.pdf_2.jpg,500,694,firme,29,437,137,467
file_6906952.pdf_9.jpg,500,699,firme,55,200,129,239
file_6906952.pdf_9.jpg,500,699,firme,44,301,122,334
file_6906952.pdf_9.jpg,500,699,firme,47,383,126,425
file_6906952.pdf_9.jpg,500,699,firme,215,409,413,507
file_6906959.pdf_2.jpg,501,696,firme,322,416,427,470
file_6906959.pdf_2.jpg,501,696,firme,250,484,306,561
file_6906960.pdf_1.jpg,500,700,firme,91,420,168,483
file_6906960.pdf_1.jpg,500,700,firme,273,556,338,631
file_7434304.pdf_7.jpg,500,699,firme,41,359,164,392
file_7434304.pdf_7.jpg,500,699,firme,220,338,354,392
file_7434304.pdf_7.jpg,500,699,firme,289,426,400,479
file_7434305.pdf_1.jpg,500,700,firme,38,335,117,378
file_7434305.pdf_1.jpg,500,700,firme,170,417,261,476
file_7434309.pdf_33.jpg,500,700,firme,35,120,111,167
file_7434309.pdf_33.jpg,500,700,firme,43,189,125,237
file_7434309.pdf_33.jpg,500,700,firme,298,230,402,302
file_7434857.pdf_2.jpg,500,693,firme,61,275,160,307
file_7434857.pdf_2.jpg,500,693,firme,166,277,257,313
file_7434857.pdf_2.jpg,500,693,firme,57,368,121,415
file_7434857.pdf_2.jpg,500,693,firme,59,416,126,480
file_7434858.pdf_1.jpg,500,700,firme,94,169,178,202
file_7434858.pdf_1.jpg,500,700,firme,334,168,429,203
file_7434858.pdf_1.jpg,500,700,firme,92,224,202,265
file_7434858.pdf_1.jpg,500,700,firme,111,510,214,581
file_7434858.pdf_2.jpg,500,693,firme,38,282,143,331
file_7434858.pdf_2.jpg,500,693,firme,151,275,242,330
file_7434858.pdf_2.jpg,500,693,firme,51,408,126,452
file_7434858.pdf_2.jpg,500,693,firme,50,501,127,546
file_7434859.pdf_9.jpg,500,700,firme,54,198,130,234
file_7434859.pdf_9.jpg,500,700,firme,54,294,123,339
file_7434859.pdf_9.jpg,500,700,firme,46,380,130,426
file_7434859.pdf_9.jpg,500,700,firme,279,414,319,515
file_7434875.pdf_5.jpg,500,693,firme,252,274,426,306
file_7434875.pdf_5.jpg,500,693,firme,251,365,432,400
file_7434875.pdf_5.jpg,500,693,firme,343,403,433,479
file_7434879.pdf_5.jpg,500,700,firme,44,369,222,405
file_7434880.pdf_1.jpg,500,701,firme,37,341,206,371
file_7434880.pdf_1.jpg,500,701,firme,187,420,252,456
file_7434890.pdf_3.jpg,500,696,firme,44,403,157,442
file_7434890.pdf_3.jpg,500,696,firme,311,300,431,412
file_7434890.pdf_3.jpg,500,696,firme,36,515,157,562
file_7434891.pdf_3.jpg,500,695,firme,31,606,172,659
file_7434891.pdf_3.jpg,500,695,firme,354,475,413,548
file_7434891.pdf_3.jpg,500,695,firme,391,616,456,662
file_7434896.pdf_9.jpg,500,700,firme,44,197,176,240
file_7434896.pdf_9.jpg,500,700,firme,38,292,154,336
file_7434896.pdf_9.jpg,500,700,firme,37,385,163,424
file_7434896.pdf_9.jpg,500,700,firme,288,452,351,510
file_7434899.pdf_1.jpg,500,701,firme,212,564,279,644
file_7434899.pdf_1.jpg,500,701,firme,55,179,159,209
file_7434899.pdf_1.jpg,500,701,firme,286,170,373,215
file_7434900.pdf_1.jpg,500,700,firme,48,175,155,201
file_7434900.pdf_1.jpg,500,700,firme,286,160,363,205
file_7434900.pdf_1.jpg,500,700,firme,114,434,185,486
file_7434906.pdf_9.jpg,500,702,firme,38,197,151,234
file_7434906.pdf_9.jpg,500,702,firme,35,298,160,335
file_7434906.pdf_9.jpg,500,702,firme,37,380,159,417
file_7434906.pdf_9.jpg,500,702,firme,268,464,360,507
file_7435069.pdf_4.jpg,500,699,firme,354,419,415,476
file_7435069.pdf_4.jpg,500,699,firme,38,421,151,453
file_7435070.pdf_4.jpg,500,698,firme,20,99,168,172
file_7435070.pdf_4.jpg,500,698,firme,360,128,433,172
file_7435071.pdf_1.jpg,500,699,firme,54,172,144,200
file_7435071.pdf_1.jpg,500,699,firme,57,384,160,412
file_7435071.pdf_1.jpg,500,699,firme,157,393,203,450
file_7435081.pdf_3.jpg,500,700,firme,330,54,440,128
file_7435081.pdf_3.jpg,500,700,firme,227,127,432,220
file_7435090.pdf_4.jpg,500,696,firme,26,546,83,632
file_7435090.pdf_4.jpg,500,696,firme,65,551,138,661
file_7435090.pdf_4.jpg,500,696,firme,347,548,405,630
file_7435091.pdf_4.jpg,500,699,firme,316,81,441,129
file_7435091.pdf_4.jpg,500,699,firme,209,131,272,202
file_7435104.pdf_9.jpg,500,698,firme,31,133,144,180
file_7435104.pdf_9.jpg,500,698,firme,162,213,360,313
file_7435107.pdf_12.jpg,500,699,firme,48,238,125,319
file_7435107.pdf_13.jpg,500,694,firme,60,488,130,552
file_7435112.pdf_2.jpg,500,695,firme,241,299,306,370
file_7435112.pdf_2.jpg,500,695,firme,324,245,416,302
file_7435114.pdf_1.jpg,500,700,firme,110,414,170,481
file_7435114.pdf_1.jpg,500,700,firme,50,172,110,202
file_7435114.pdf_1.jpg,500,700,firme,266,160,372,205
file_7435127.pdf_9.jpg,500,699,firme,35,192,135,234
file_7435127.pdf_9.jpg,500,699,firme,36,295,147,335
file_7435127.pdf_9.jpg,500,699,firme,35,385,156,422
file_7435127.pdf_9.jpg,500,699,firme,238,415,319,499
file_7435133.pdf_9.jpg,500,701,firme,44,197,134,235
file_7435133.pdf_9.jpg,500,701,firme,40,294,131,337
file_7435133.pdf_9.jpg,500,701,firme,42,376,142,428
file_7435133.pdf_9.jpg,500,701,firme,249,410,330,492
file_7435134.pdf_2.jpg,500,696,firme,319,416,458,462
file_7435134.pdf_2.jpg,500,696,firme,236,450,368,575
file_7435137.pdf_22.jpg,500,359,firme,235,234,442,315
file_7435143.pdf_3.jpg,500,694,firme,213,253,433,293
file_7435143.pdf_3.jpg,500,694,firme,223,304,442,350
file_7435143.pdf_3.jpg,500,694,firme,220,350,436,401
file_7435143.pdf_3.jpg,500,694,firme,226,430,445,476
file_7435143.pdf_4.jpg,500,699,firme,214,84,442,123
file_7435143.pdf_4.jpg,500,699,firme,216,169,422,204
file_7435143.pdf_4.jpg,500,699,firme,365,268,419,310
file_7435148.pdf_8.jpg,500,696,firme,243,160,382,294
file_7435148.pdf_8.jpg,500,696,firme,53,134,212,170
file_7435149.pdf_1.jpg,500,696,firme,86,154,195,222
file_7435149.pdf_1.jpg,500,696,firme,78,477,177,580
file_7435156.pdf_30.jpg,500,695,firme,38,257,171,306
file_7435156.pdf_31.jpg,500,701,firme,44,111,183,147
file_7435156.pdf_31.jpg,500,701,firme,47,208,178,249
file_7435156.pdf_31.jpg,500,701,firme,41,307,176,356
file_7435156.pdf_31.jpg,500,701,firme,49,442,180,495
file_7435156.pdf_31.jpg,500,701,firme,286,491,435,555
file_7435158.pdf_2.jpg,500,693,firme,322,430,443,471
file_7435158.pdf_2.jpg,500,693,firme,214,493,373,543
file_7435180.pdf_3.jpg,500,693,firme,40,133,176,185
file_7435184.pdf_10.jpg,500,693,firme,60,149,112,188
file_7435184.pdf_10.jpg,500,693,firme,66,215,115,252
file_7435184.pdf_10.jpg,500,693,firme,232,266,329,361
file_7435336.pdf_3.jpg,500,700,firme,45,336,134,440
file_7435337.pdf_31.jpg,500,684,firme,51,111,142,192
file_7435337.pdf_31.jpg,500,684,firme,42,488,135,566
file_7435343.pdf_2.jpg,500,694,firme,261,308,339,362
file_7435343.pdf_2.jpg,500,694,firme,344,261,457,288
file_7435347.pdf_3.jpg,500,699,firme,334,477,422,547
file_7435347.pdf_3.jpg,500,699,firme,252,558,317,604
